Starting Point,Optimizer,Learning Rate,Final x,Final f(x),Iterations,Status
0.0,Gradient Descent,0.01,0.0,0.0,1,Converged
0.0,Gradient Descent,0.05,0.0,0.0,1,Converged
0.0,Gradient Descent,0.1,0.0,0.0,1,Converged
0.0,Momentum,0.01,0.0,0.0,1,Converged
0.0,Momentum,0.05,0.0,0.0,1,Converged
0.0,Momentum,0.1,0.0,0.0,1,Converged
0.0,RMSprop,0.01,0.0,0.0,1,Converged
0.0,RMSprop,0.05,0.0,0.0,1,Converged
0.0,RMSprop,0.1,0.0,0.0,1,Converged
0.0,Adagrad,0.01,0.0,0.0,1,Converged
0.0,Adagrad,0.05,0.0,0.0,1,Converged
0.0,Adagrad,0.1,0.0,0.0,1,Converged
0.0,Adam,0.01,0.0,0.0,1,Converged
0.0,Adam,0.05,0.0,0.0,1,Converged
0.0,Adam,0.1,0.0,0.0,1,Converged
0.3,Gradient Descent,0.01,0.040789261364416934,0.24984362596722365,10000,Hit max_iter (not converged)
0.3,Gradient Descent,0.05,0.1385683099513591,1.3602359192517643,10000,Hit max_iter (not converged)
0.3,Gradient Descent,0.1,-0.48585003832585527,4.200911978546259,10000,Hit max_iter (not converged)
0.3,Momentum,0.01,-0.03995206519326522,0.2430465585698447,10000,Hit max_iter (not converged)
0.3,Momentum,0.05,113.88386100443672,20.611083600942138,10000,Hit max_iter (not converged)
0.3,Momentum,0.1,469.68274189655364,22.054716957689987,10000,Hit max_iter (not converged)
0.3,RMSprop,0.01,0.004999999988967867,0.021330980400933175,10000,Hit max_iter (not converged)
0.3,RMSprop,0.05,0.02499999996223095,0.1330118043544748,10000,Hit max_iter (not converged)
0.3,RMSprop,0.1,0.04999999994435761,0.32884220564281863,10000,Hit max_iter (not converged)
0.3,Adagrad,0.01,4.684098462077606e-05,0.00018748078790098432,10000,Hit max_iter (not converged)
0.3,Adagrad,0.05,0.0002477416025944598,0.0009942350881044781,10000,Hit max_iter (not converged)
0.3,Adagrad,0.1,0.0004935998798587156,0.0019873749958674303,10000,Hit max_iter (not converged)
0.3,Adam,0.01,-0.0006702929563637704,0.002705099549324519,10000,Hit max_iter (not converged)
0.3,Adam,0.05,-0.016749143131680543,0.08188160059752336,10000,Hit max_iter (not converged)
0.3,Adam,0.1,0.006372014051382809,0.02764925938397811,10000,Hit max_iter (not converged)
0.7,Gradient Descent,0.01,0.9684776518863668,3.57445187725768,13,Converged
0.7,Gradient Descent,0.05,-0.2930708514137503,3.0914508698738286,10000,Hit max_iter (not converged)
0.7,Gradient Descent,0.1,-0.5925818878534819,4.519889603975102,10000,Hit max_iter (not converged)
0.7,Momentum,0.01,0.9684767431787333,3.5744518772989378,230,Converged
0.7,Momentum,0.05,16.87891884632601,19.9711659268194,10000,Hit max_iter (not converged)
0.7,Momentum,0.1,591.4098148800679,22.288167450924146,10000,Hit max_iter (not converged)
0.7,RMSprop,0.01,0.9684776488030683,3.5744518772576837,36,Converged
0.7,RMSprop,0.05,0.9918078735648233,3.602132140270083,10000,Hit max_iter (not converged)
0.7,RMSprop,0.1,0.9110158848546881,3.7152981147526813,10000,Hit max_iter (not converged)
0.7,Adagrad,0.01,0.9684771365868585,3.5744518772710987,702,Converged
0.7,Adagrad,0.05,0.9684776348425805,3.5744518772577085,34,Converged
0.7,Adagrad,0.1,0.9684776552810481,3.57445187725768,19,Converged
0.7,Adam,0.01,0.9684756381951677,3.5744518774586287,224,Converged
0.7,Adam,0.05,0.968477998411197,3.574451877263361,246,Converged
0.7,Adam,0.1,0.9684265438392272,3.574452005851303,147,Converged
1.5,Gradient Descent,0.01,0.9684776570942999,3.57445187725768,13,Converged
1.5,Gradient Descent,0.05,0.4442496360859226,4.02771246631168,10000,Hit max_iter (not converged)
1.5,Gradient Descent,0.1,1.418653232978114,7.2408617963273585,10000,Hit max_iter (not converged)
1.5,Momentum,0.01,-0.1199329426016954,1.1187663970223132,10000,Hit max_iter (not converged)
1.5,Momentum,0.05,40.11608473987026,20.604049470539536,10000,Hit max_iter (not converged)
1.5,Momentum,0.1,245.47486971081668,22.345797363761047,10000,Hit max_iter (not converged)
1.5,RMSprop,0.01,0.9684776659649886,3.5744518772576837,72,Converged
1.5,RMSprop,0.05,0.9418078737729209,3.607570713707379,10000,Hit max_iter (not converged)
1.5,RMSprop,0.1,0.9110158848546881,3.7152981147526813,10000,Hit max_iter (not converged)
1.5,Adagrad,0.01,0.9684796891860461,3.5744518774606147,2478,Converged
1.5,Adagrad,0.05,0.9684777413961623,3.5744518772580176,130,Converged
1.5,Adagrad,0.1,0.9684776780882053,3.574451877257698,34,Converged
1.5,Adam,0.01,0.9684477921564355,3.574451921162375,200,Converged
1.5,Adam,0.05,0.9684771044765215,3.574451877272797,257,Converged
1.5,Adam,0.1,0.9684778285220945,3.574451877259101,277,Converged
2.3,Gradient Descent,0.01,1.974451989939656,6.559645375627877,8,Converged
2.3,Gradient Descent,0.05,0.1729376245902675,1.8053989210063155,10000,Hit max_iter (not converged)
2.3,Gradient Descent,0.1,0.4300402646368281,3.961976704088102,10000,Hit max_iter (not converged)
2.3,Momentum,0.01,-0.9684779574195018,3.5744518772620713,273,Converged
2.3,Momentum,0.05,-15.10771291852098,19.56317675575028,10000,Hit max_iter (not converged)
2.3,Momentum,0.1,-251.9750308202759,20.033180098402315,10000,Hit max_iter (not converged)
2.3,RMSprop,0.01,1.9744519910350755,6.559645375627877,56,Converged
2.3,RMSprop,0.05,1.9981146966967804,6.588733806636029,10000,Hit max_iter (not converged)
2.3,RMSprop,0.1,2.0184820182188394,6.661309306469903,10000,Hit max_iter (not converged)
2.3,Adagrad,0.01,1.9744534168802297,6.559645375731545,1696,Converged
2.3,Adagrad,0.05,1.9744520483332868,6.559645375628072,94,Converged
2.3,Adagrad,0.1,1.9744519954728166,6.5596453756278805,25,Converged
2.3,Adam,0.01,1.9744513907994146,6.559645375645857,257,Converged
2.3,Adam,0.05,1.9744505399446841,6.559645375733901,230,Converged
2.3,Adam,0.1,1.974456521593495,6.559645376669973,206,Converged
-2.3,Gradient Descent,0.01,-1.974451989939656,6.559645375627877,8,Converged
-2.3,Gradient Descent,0.05,-0.1729376245902675,1.8053989210063155,10000,Hit max_iter (not converged)
-2.3,Gradient Descent,0.1,-0.4300402646368281,3.961976704088102,10000,Hit max_iter (not converged)
-2.3,Momentum,0.01,0.9684779574195018,3.5744518772620713,273,Converged
-2.3,Momentum,0.05,15.10771291852098,19.56317675575028,10000,Hit max_iter (not converged)
-2.3,Momentum,0.1,251.9750308202759,20.033180098402315,10000,Hit max_iter (not converged)
-2.3,RMSprop,0.01,-1.9744519910350755,6.559645375627877,56,Converged
-2.3,RMSprop,0.05,-1.9981146966967804,6.588733806636029,10000,Hit max_iter (not converged)
-2.3,RMSprop,0.1,-2.0184820182188394,6.661309306469903,10000,Hit max_iter (not converged)
-2.3,Adagrad,0.01,-1.9744534168802297,6.559645375731545,1696,Converged
-2.3,Adagrad,0.05,-1.9744520483332868,6.559645375628072,94,Converged
-2.3,Adagrad,0.1,-1.9744519954728166,6.5596453756278805,25,Converged
-2.3,Adam,0.01,-1.9744513907994146,6.559645375645857,257,Converged
-2.3,Adam,0.05,-1.9744505399446841,6.559645375733901,230,Converged
-2.3,Adam,0.1,-1.974456521593495,6.559645376669973,206,Converged
3.5,Gradient Descent,0.01,2.979223959509455,9.00109347829201,15,Converged
3.5,Gradient Descent,0.05,-0.2196705311811436,2.3693998740044475,10000,Hit max_iter (not converged)
3.5,Gradient Descent,0.1,0.20160217872364372,2.15956336325975,10000,Hit max_iter (not converged)
3.5,Momentum,0.01,-0.9684777183814183,3.574451877257854,308,Converged
3.5,Momentum,0.05,-125.11613899554123,20.611083603041706,10000,Hit max_iter (not converged)
3.5,Momentum,0.1,-539.0482186977962,20.121025906716095,10000,Hit max_iter (not converged)
3.5,RMSprop,0.01,2.9792239592899272,9.001093478292008,68,Converged
3.5,RMSprop,0.05,2.953144821180182,9.034895098496275,10000,Hit max_iter (not converged)
3.5,RMSprop,0.1,2.9244092972070272,9.141385027841869,10000,Hit max_iter (not converged)
3.5,Adagrad,0.01,2.979225621254679,9.0010934784354,2098,Converged
3.5,Adagrad,0.05,2.9792240171149493,9.001093478292209,109,Converged
3.5,Adagrad,0.1,2.9792239647544947,9.001093478292013,28,Converged
3.5,Adam,0.01,2.9791713942464795,9.001093620910071,187,Converged
3.5,Adam,0.05,2.979223548977383,9.001093478300504,260,Converged
3.5,Adam,0.1,2.9792238469130017,9.001093478292608,282,Converged
